dataset,p,max_iterations,alpha,tabu_tenure,best_solution,best_cost,avg_cost,std_cost,avg_time,avg_total_iterations,total_iterations_for_best_cost
CAB20,5,500,0.3,9,"[4, 17, 17, 4, 4, 4, 7, 7, 4, 7, 4, 12, 4, 14, 4, 7, 17, 17, 12, 17]",549.5891707047898,669.5044647884597,119.91529408366989,80.9874472618103,57.0,58
CAB20,5,500,0.3,10,"[4, 17, 17, 4, 4, 4, 7, 7, 4, 7, 4, 12, 4, 14, 4, 7, 17, 17, 12, 17]",549.5891707047898,549.5891707047898,0.0,90.50892531871796,62.5,67
CAB20,5,500,0.3,11,"[20, 17, 17, 4, 20, 20, 7, 7, 20, 7, 4, 12, 4, 20, 4, 7, 17, 17, 12, 20]",611.6307593577235,627.2639078575603,15.633148499836807,79.27550780773163,56.0,57
