dataset,p,max_iterations,alpha,tabu_tenure,best_solution,best_cost,avg_cost,std_cost,avg_time,avg_total_iterations,total_iterations_for_best_cost
TR40,3,1000,0.3,7,"[33, 31, 33, 33, 31, 24, 31, 24, 24, 33, 24, 31, 33, 31, 33, 31, 33, 33, 24, 33, 33, 33, 24, 24, 31, 31, 33, 31, 24, 31, 31, 33, 33, 33, 31, 33, 31, 24, 33, 33]",644.2556569443476,676.6862581170933,32.43060117274575,989.0899028778076,110.0,110
TR40,3,1000,0.3,8,"[14, 14, 3, 24, 14, 24, 14, 24, 24, 3, 24, 14, 3, 14, 3, 14, 3, 14, 24, 3, 3, 3, 3, 24, 14, 14, 3, 14, 24, 14, 14, 3, 3, 3, 14, 3, 14, 3, 3, 14]",635.4184002070075,639.8370285756776,4.418628368670056,966.5817384719849,107.5,108
TR40,3,1000,0.3,9,"[14, 14, 3, 24, 14, 24, 14, 24, 24, 3, 24, 14, 3, 14, 3, 14, 3, 14, 24, 3, 3, 3, 3, 24, 14, 14, 3, 14, 24, 14, 14, 3, 3, 3, 14, 3, 14, 3, 3, 14]",635.4184002070075,691.8916836049408,56.4732833979333,961.7602109909058,107.0,107
