dataset,p,max_iterations,alpha,tabu_tenure,best_solution,best_cost,avg_cost,std_cost,avg_time,avg_total_iterations,total_iterations_for_best_cost
CAB10,3,200,0.3,4,"[4, 3, 3, 4, 4, 4, 7, 7, 4, 7]",543.1565787512436,555.1343828939687,11.977804142725063,0.023490548133850098,21.5,21
CAB10,3,200,0.3,5,"[4, 3, 3, 4, 4, 4, 7, 7, 4, 7]",543.1565787512436,543.1565787512436,0.0,0.02284383773803711,23.0,24
CAB10,3,200,0.3,6,"[6, 6, 6, 4, 6, 6, 7, 7, 6, 7]",529.9235646958136,536.5400717235286,6.616507027714988,0.027548909187316895,28.0,32
CAB10,3,200,0.3,7,"[6, 6, 6, 4, 6, 6, 7, 7, 6, 7]",529.9235646958136,536.5400717235286,6.616507027714988,0.03127419948577881,31.5,38
