dataset,p,max_iterations,alpha,tabu_tenure,best_solution,best_cost,avg_cost,std_cost,avg_time,avg_total_iterations,total_iterations_for_best_cost
CAB25,3,1200,0.3,5,"[4, 17, 17, 4, 4, 4, 4, 4, 4, 4, 4, 12, 4, 17, 4, 4, 17, 17, 12, 17, 4, 12, 12, 4, 17]",835.4212396422527,835.4212396422527,0.0,271.4735150337219,138.5,134
CAB25,3,1200,0.3,7,"[4, 17, 17, 4, 4, 4, 4, 4, 4, 4, 4, 12, 4, 17, 4, 4, 17, 17, 12, 17, 4, 12, 12, 4, 17]",835.4212396422527,835.4212396422527,0.0,251.64034843444824,127.5,129
CAB25,3,1200,0.3,9,"[4, 17, 17, 4, 4, 4, 4, 4, 4, 4, 4, 12, 4, 17, 4, 4, 17, 17, 12, 17, 4, 12, 12, 4, 17]",835.4212396422527,835.4212396422527,0.0,288.7917946577072,147.5,158
