dataset,p,max_iterations,alpha,tabu_tenure,best_solution,selected_hub_capacities,best_cost,avg_cost,std_cost,avg_time,avg_total_iterations,total_iterations_for_best_cost
CAB10,5,200,0.3,6,"[6, 6, 3, 4, 6, 6, 7, 8, 6, 7]",6(L2); 3(L1); 4(L2); 7(L1); 8(L1),716593421.89738,733548237.16474,9029681.031351449,0.07919998168945312,24.4,25
CAB10,5,200,0.3,7,"[6, 6, 3, 4, 6, 6, 7, 8, 6, 7]",6(L2); 3(L1); 4(L2); 7(L1); 8(L1),716593421.89738,736380489.664352,19567575.111774832,0.08610734939575196,26.2,24
CAB10,5,200,0.3,8,"[1, 6, 6, 4, 4, 6, 7, 8, 6, 7]",1(L1); 6(L2); 4(L2); 7(L1); 8(L1),731864977.4232,753045253.239932,21088061.717138197,0.08320002555847168,24.6,23
CAB10,5,200,0.3,9,"[1, 3, 3, 4, 4, 4, 7, 8, 4, 7]",1(L1); 3(L1); 4(L3); 7(L1); 8(L1),738733323.14276,739658168.265212,755132.8803697006,0.1122426986694336,33.2,23
