dataset,p,max_iterations,alpha,tabu_tenure,best_solution,selected_hub_capacities,best_cost,avg_cost,std_cost,avg_time,avg_total_iterations,total_iterations_for_best_cost
CAB20,3,500,0.3,4,"[4, 17, 17, 4, 4, 4, 4, 4, 4, 4, 4, 12, 4, 17, 4, 4, 17, 17, 12, 17]",4(L3); 17(L3); 12(L1),4873988217.96512,5067422958.900416,162680194.16266763,0.4500275135040283,61.4,58
CAB20,3,500,0.3,5,"[4, 17, 17, 4, 4, 4, 4, 4, 4, 4, 4, 12, 4, 17, 4, 4, 17, 17, 12, 17]",4(L3); 17(L3); 12(L1),4873988217.96512,5010063184.539836,170043316.45705745,0.42322793006896975,59.6,51
CAB20,3,500,0.3,6,"[4, 17, 17, 4, 4, 4, 4, 4, 4, 4, 4, 12, 4, 17, 4, 4, 17, 17, 12, 17]",4(L3); 17(L3); 12(L1),4873988217.96512,5218310873.654256,181368501.16328496,0.409226131439209,59.6,57
CAB20,3,500,0.3,7,"[4, 17, 17, 4, 4, 4, 4, 4, 4, 4, 4, 12, 4, 17, 4, 4, 17, 17, 12, 17]",4(L3); 17(L3); 12(L1),4873988217.96512,5210199390.466153,206179128.77897897,0.42104477882385255,60.4,61
