dataset,p,max_iterations,alpha,tabu_tenure,best_solution,best_cost,avg_cost,std_cost,avg_time,avg_total_iterations,total_iterations_for_best_cost
CAB10,3,200,0.3,4,"[4, 3, 3, 4, 4, 4, 7, 7, 4, 7]",543.1565787512438,618.5082218319143,75.35164308067044,2.447016954421997,23.0,23
CAB10,3,200,0.3,5,"[6, 6, 6, 4, 6, 6, 7, 7, 6, 7]",529.9235646958141,529.9235646958141,0.0,3.1861647367477417,28.0,26
CAB10,3,200,0.3,6,"[6, 6, 6, 4, 6, 6, 7, 7, 6, 7]",529.9235646958141,536.540071723529,6.616507027714874,2.4599430561065674,24.0,24
CAB10,3,200,0.3,7,"[6, 6, 6, 4, 6, 6, 7, 7, 6, 7]",529.9235646958141,611.8917148041994,81.96815010838532,3.5226550102233887,34.5,43
