dataset,p,max_iterations,alpha,tabu_tenure,best_solution,best_cost,avg_cost,std_cost,avg_time,avg_total_iterations,total_iterations_for_best_cost
CAB20,3,500,0.3,4,"[20, 20, 20, 20, 20, 20, 7, 7, 20, 7, 7, 7, 7, 14, 20, 7, 20, 20, 7, 20]",923.5465655822809,956.013391261811,32.46682567953013,0.17890417575836182,57.0,59
CAB20,3,500,0.3,5,"[4, 17, 17, 4, 4, 4, 4, 4, 4, 4, 4, 12, 4, 17, 4, 4, 17, 17, 12, 17]",786.1524580126974,811.0715810475197,24.919123034822235,0.18885374069213867,59.5,63
CAB20,3,500,0.3,6,"[4, 17, 17, 4, 4, 4, 7, 7, 4, 7, 4, 7, 4, 17, 4, 7, 17, 17, 7, 17]",835.9907040823418,860.3804478609803,24.38974377863849,0.16911554336547852,54.5,55
CAB20,3,500,0.3,7,"[4, 17, 17, 4, 4, 4, 4, 4, 4, 4, 4, 12, 4, 17, 4, 4, 17, 17, 12, 17]",786.1524580126974,837.6584639519556,51.50600593925827,0.1896371841430664,57.0,58
