dataset,p,max_iterations,alpha,tabu_tenure,best_solution,best_cost,avg_cost,std_cost,avg_time,avg_total_iterations,total_iterations_for_best_cost
CAB25,5,1200,0.3,8,"[4, 18, 18, 4, 4, 4, 7, 7, 4, 7, 4, 12, 4, 18, 4, 7, 18, 18, 12, 18, 4, 22, 22, 18, 18]",703.886689737253,708.3141722848602,4.427482547607099,0.9260112047195435,131.5,135
CAB25,5,1200,0.3,9,"[1, 17, 17, 4, 6, 6, 1, 4, 6, 1, 4, 12, 1, 1, 4, 1, 17, 17, 12, 6, 4, 12, 12, 1, 17]",666.1589214743876,688.9894767144754,22.830555240087733,0.9334977865219116,132.0,133
CAB25,5,1200,0.3,10,"[4, 17, 17, 4, 4, 4, 7, 7, 4, 7, 4, 12, 4, 14, 4, 7, 17, 17, 12, 17, 4, 12, 12, 14, 17]",623.2396456089024,623.2396456089024,0.0,0.9649083614349365,136.5,138
CAB25,5,1200,0.3,11,"[25, 25, 17, 4, 4, 25, 7, 7, 4, 7, 4, 12, 4, 25, 4, 7, 17, 17, 12, 25, 4, 12, 12, 25, 25]",678.2821961039301,695.0511140292466,16.768917925316487,0.9650020599365234,137.0,130
