dataset,p,max_iterations,alpha,tabu_tenure,best_solution,best_cost,avg_cost,std_cost,avg_time,avg_total_iterations,total_iterations_for_best_cost
TR55,5,1000,0.3,11,"[19, 19, 19, 4, 5, 19, 7, 26, 19, 19, 5, 7, 7, 4, 19, 26, 19, 4, 19, 4, 4, 19, 19, 5, 19, 26, 7, 4, 4, 26, 4, 7, 7, 19, 19, 19, 4, 19, 4, 26, 19, 19, 4, 4, 4, 4, 4, 19, 4, 19, 19, 26, 4, 19, 19]",532.3861066041538,541.0568458624562,7.079628958519651,3.9288829803466796,125.0,123
TR55,5,1000,0.3,12,"[1, 15, 36, 4, 4, 36, 30, 30, 36, 36, 4, 30, 30, 4, 15, 30, 15, 30, 1, 4, 36, 36, 1, 4, 1, 30, 30, 4, 4, 30, 4, 30, 30, 1, 15, 36, 4, 15, 4, 30, 15, 15, 4, 30, 4, 36, 1, 15, 4, 36, 36, 30, 4, 1, 1]",562.549446812088,572.6171842113846,10.297294032385551,3.962736988067627,126.0,112
TR55,5,1000,0.3,13,"[1, 15, 15, 4, 33, 15, 33, 26, 15, 15, 4, 26, 26, 4, 15, 26, 15, 4, 1, 4, 15, 15, 1, 4, 1, 26, 33, 4, 4, 26, 4, 4, 33, 1, 15, 15, 4, 15, 4, 26, 15, 15, 4, 4, 4, 15, 1, 15, 4, 15, 15, 26, 4, 1, 1]",495.7728170668215,538.5356597196039,24.578402143813964,3.7645901679992675,119.4,129
