dataset,p,max_iterations,alpha,tabu_tenure,best_solution,best_cost,avg_cost,std_cost,avg_time,avg_total_iterations,total_iterations_for_best_cost
TR55,7,1000,0.3,12,"[55, 55, 15, 4, 31, 37, 33, 26, 15, 15, 31, 26, 26, 4, 15, 26, 15, 4, 55, 37, 37, 15, 55, 31, 55, 26, 33, 4, 4, 26, 31, 4, 33, 55, 15, 15, 37, 15, 37, 26, 15, 55, 4, 4, 31, 37, 31, 15, 4, 15, 15, 26, 4, 55, 55]",435.15787246732566,487.4504270805761,40.55706474456379,5.27203631401062,125.6,138
TR55,7,1000,0.3,13,"[1, 19, 46, 4, 33, 46, 33, 26, 15, 15, 4, 26, 26, 4, 15, 26, 15, 4, 19, 46, 46, 15, 1, 4, 1, 26, 33, 4, 4, 26, 4, 4, 33, 19, 15, 15, 4, 15, 4, 26, 46, 19, 4, 4, 4, 46, 1, 15, 4, 46, 46, 26, 4, 19, 1]",459.22913464515864,506.3157773126003,30.45695522378608,5.066227102279663,120.6,126
TR55,7,1000,0.3,14,"[55, 55, 15, 4, 5, 37, 33, 26, 15, 15, 5, 26, 26, 4, 15, 26, 15, 4, 55, 37, 37, 15, 55, 5, 55, 26, 33, 4, 4, 26, 4, 4, 33, 55, 15, 15, 37, 15, 37, 26, 15, 55, 4, 4, 4, 37, 4, 15, 4, 15, 15, 26, 4, 55, 55]",435.9926540227899,470.81448990019663,20.069786693736194,5.076410531997681,121.0,121
TR55,7,1000,0.3,15,"[1, 15, 15, 4, 33, 37, 12, 12, 15, 15, 33, 12, 12, 4, 15, 26, 15, 12, 1, 37, 37, 15, 1, 4, 1, 26, 33, 4, 4, 26, 4, 12, 33, 1, 15, 15, 37, 15, 37, 26, 15, 15, 4, 4, 4, 37, 1, 15, 4, 15, 15, 12, 4, 1, 1]",440.08840726467656,482.0946538020914,41.9481875612246,4.9921143531799315,118.8,118
