dataset,p,max_iterations,alpha,tabu_tenure,best_solution,best_cost,avg_cost,std_cost,avg_time,avg_total_iterations,total_iterations_for_best_cost
RGP100,9,1000,0.3,17,"[40, 35, 61, 52, 51, 52, 73, 51, 35, 35, 27, 27, 35, 61, 40, 40, 52, 18, 40, 73, 61, 40, 27, 52, 27, 61, 27, 52, 27, 18, 31, 52, 40, 40, 35, 73, 52, 40, 18, 40, 73, 73, 27, 61, 18, 18, 18, 61, 73, 52, 51, 52, 27, 52, 40, 27, 18, 27, 40, 73, 61, 31, 73, 40, 40, 73, 73, 51, 52, 51, 51, 27, 73, 35, 35, 40, 27, 61, 73, 61, 31, 73, 73, 27, 27, 52, 73, 27, 18, 31, 73, 27, 40, 61, 61, 27, 52, 18, 52, 27]",1274.9500602748972,1287.985212677624,10.21037453981878,29.761806583404542,164.0,174
RGP100,9,1000,0.3,18,"[58, 2, 58, 20, 5, 20, 2, 58, 20, 22, 17, 22, 17, 20, 5, 20, 17, 72, 5, 20, 17, 22, 17, 2, 17, 17, 72, 58, 20, 77, 62, 72, 58, 20, 17, 58, 5, 20, 58, 22, 5, 62, 17, 62, 72, 58, 17, 77, 2, 22, 5, 17, 20, 2, 72, 17, 17, 58, 17, 20, 20, 62, 20, 20, 20, 5, 17, 17, 22, 22, 72, 72, 20, 5, 58, 72, 77, 20, 20, 20, 5, 20, 17, 17, 58, 17, 5, 72, 17, 5, 58, 17, 72, 77, 20, 72, 77, 17, 17, 58]",1270.8119777818374,1283.4959692644316,9.787518680004277,29.122502088546753,159.0,152
RGP100,9,1000,0.3,19,"[58, 60, 58, 58, 60, 58, 60, 58, 9, 39, 58, 70, 94, 9, 39, 16, 72, 60, 9, 9, 39, 72, 60, 58, 58, 9, 58, 58, 94, 30, 58, 58, 58, 58, 30, 58, 30, 70, 39, 58, 70, 60, 60, 9, 58, 58, 60, 60, 9, 58, 39, 72, 72, 9, 39, 70, 30, 58, 39, 60, 94, 94, 94, 9, 58, 39, 70, 9, 39, 70, 72, 72, 60, 94, 58, 72, 94, 39, 39, 70, 16, 58, 70, 9, 58, 39, 94, 70, 58, 16, 58, 60, 39, 94, 39, 39, 94, 39, 39, 9]",1276.6856974411767,1283.704714826764,5.29367623645651,30.189673137664794,165.2,177
RGP100,9,1000,0.3,20,"[60, 82, 19, 20, 19, 20, 60, 52, 20, 78, 53, 82, 82, 20, 52, 20, 52, 60, 19, 20, 21, 34, 60, 52, 19, 19, 53, 52, 20, 82, 53, 52, 19, 34, 19, 34, 52, 82, 78, 34, 19, 60, 60, 53, 53, 21, 60, 60, 19, 52, 78, 52, 53, 52, 19, 19, 34, 82, 52, 60, 78, 20, 53, 20, 19, 82, 19, 34, 60, 78, 53, 52, 82, 34, 34, 34, 20, 78, 19, 20, 34, 82, 34, 78, 21, 52, 53, 53, 53, 53, 53, 60, 60, 52, 20, 34, 53, 82, 52, 19]",1276.4984405046062,1285.1125537824225,10.241934891210908,29.05424299240112,159.0,154
