dataset,p,max_iterations,alpha,tabu_tenure,best_solution,best_cost,avg_cost,std_cost,avg_time,avg_total_iterations,total_iterations_for_best_cost
RGP100,12,1000,0.3,21,"[58, 2, 58, 58, 5, 58, 76, 58, 14, 78, 36, 14, 91, 14, 14, 76, 76, 30, 19, 14, 54, 14, 54, 2, 14, 100, 58, 58, 36, 30, 76, 58, 58, 76, 30, 36, 14, 54, 78, 76, 5, 54, 5, 14, 58, 58, 5, 5, 2, 76, 5, 54, 91, 54, 54, 19, 30, 58, 76, 91, 14, 78, 78, 5, 19, 5, 19, 5, 2, 76, 76, 76, 91, 5, 58, 76, 14, 78, 19, 91, 5, 2, 30, 5, 5, 2, 5, 14, 58, 91, 91, 2, 36, 100, 30, 5, 76, 36, 91, 100]",1215.8029381586177,1231.2613409986527,10.414101982251527,40.41091742515564,172.2,165
RGP100,12,1000,0.3,22,"[76, 54, 3, 76, 68, 3, 7, 3, 3, 26, 18, 79, 38, 3, 76, 76, 26, 18, 79, 79, 21, 68, 54, 26, 7, 26, 97, 66, 26, 18, 76, 97, 38, 68, 79, 54, 68, 38, 66, 76, 66, 97, 66, 66, 97, 18, 79, 79, 38, 76, 68, 54, 97, 54, 54, 3, 18, 3, 3, 18, 3, 7, 97, 38, 97, 66, 21, 68, 97, 38, 76, 76, 7, 38, 97, 76, 54, 21, 79, 3, 79, 66, 18, 76, 54, 26, 7, 79, 18, 97, 7, 66, 54, 97, 76, 79, 97, 7, 7, 26]",1218.3917409390021,1230.4958313540242,6.753475490708301,40.16258082389832,171.4,177
RGP100,12,1000,0.3,23,"[1, 35, 1, 35, 74, 35, 7, 35, 19, 35, 53, 81, 35, 1, 25, 40, 35, 18, 19, 53, 48, 40, 1, 35, 25, 19, 53, 1, 35, 35, 1, 74, 38, 74, 35, 35, 1, 38, 1, 40, 1, 81, 74, 53, 53, 18, 18, 48, 38, 74, 18, 53, 53, 38, 40, 48, 18, 1, 40, 1, 48, 74, 53, 38, 19, 1, 19, 53, 1, 38, 74, 53, 7, 74, 35, 1, 48, 53, 19, 1, 81, 74, 1, 25, 38, 1, 53, 53, 18, 38, 1, 81, 40, 74, 7, 74, 53, 7, 7, 19]",1217.3998143410756,1229.609480813523,6.8632957464454165,39.94919662475586,170.2,178
RGP100,12,1000,0.3,24,"[76, 95, 56, 20, 74, 20, 73, 51, 20, 74, 36, 12, 74, 20, 76, 76, 26, 51, 26, 20, 33, 12, 50, 26, 33, 26, 12, 74, 26, 95, 76, 95, 33, 74, 74, 36, 73, 33, 95, 76, 50, 73, 20, 95, 26, 73, 33, 56, 73, 50, 51, 50, 20, 74, 33, 56, 26, 33, 95, 73, 26, 74, 26, 20, 95, 73, 76, 51, 50, 76, 76, 76, 73, 74, 33, 76, 20, 20, 20, 26, 74, 73, 73, 95, 95, 26, 73, 95, 95, 26, 73, 95, 56, 74, 95, 74, 76, 36, 12, 26]",1210.5899064144578,1227.8588470837296,11.25692408398463,49.05055932998657,208.6,214
