dataset,p,max_iterations,alpha,tabu_tenure,best_solution,best_cost,avg_cost,std_cost,avg_time,avg_total_iterations,total_iterations_for_best_cost
CAB10,5,200,0.3,6,"[6, 6, 3, 4, 6, 6, 7, 8, 6, 7]",366.95083200775554,369.05352975595235,2.102697748196789,0.02846837043762207,24.5,25
CAB10,5,200,0.3,7,"[1, 6, 3, 4, 6, 6, 7, 7, 6, 7]",371.1562275041491,371.1562275041491,0.0,0.030186057090759277,26.0,27
CAB10,5,200,0.3,8,"[1, 6, 3, 4, 6, 6, 7, 7, 6, 7]",371.1562275041491,397.25036042738634,26.094132923237197,0.038222312927246094,33.0,34
CAB10,5,200,0.3,9,"[1, 6, 3, 4, 6, 6, 7, 7, 6, 7]",371.1562275041491,403.72149261869066,32.565265114541546,0.032465219497680664,28.0,33
