dataset,p,max_iterations,alpha,tabu_tenure,best_solution,best_cost,avg_cost,std_cost,avg_time,avg_total_iterations,total_iterations_for_best_cost
CAB20,5,500,0.3,8,"[4, 17, 17, 4, 4, 4, 7, 8, 4, 7, 4, 12, 4, 17, 4, 7, 17, 17, 12, 17]",638.0670241233561,679.0803720898103,41.01334796645426,0.3065180778503418,65.5,71
CAB20,5,500,0.3,9,"[4, 17, 17, 4, 4, 4, 7, 7, 4, 7, 4, 12, 4, 14, 4, 7, 17, 17, 12, 17]",549.5891707047899,573.8612778553239,24.272107150533998,0.283359169960022,61.5,69
CAB20,5,500,0.3,10,"[4, 17, 3, 4, 4, 4, 4, 4, 4, 4, 4, 12, 4, 14, 4, 4, 17, 17, 12, 17]",642.8970563573972,666.6427201068955,23.74566374949825,0.28244996070861816,61.0,62
CAB20,5,500,0.3,11,"[20, 17, 17, 4, 20, 20, 7, 7, 20, 7, 4, 12, 4, 20, 4, 7, 17, 17, 12, 20]",611.6307593577236,630.7900270208515,19.159267663127935,0.26723527908325195,59.0,56
