dataset,p,max_iterations,alpha,tabu_tenure,best_solution,best_cost,avg_cost,std_cost,avg_time,avg_total_iterations,total_iterations_for_best_cost
TR40,5,1000,0.3,10,"[1, 31, 3, 22, 31, 19, 31, 22, 19, 3, 19, 31, 3, 31, 3, 31, 22, 1, 19, 22, 3, 22, 3, 19, 31, 31, 3, 31, 19, 31, 31, 3, 22, 22, 31, 3, 31, 3, 3, 1]",504.15932939224984,542.2801385317565,38.12080913950669,1684.8789736032486,117.0,116
TR40,5,1000,0.3,11,"[14, 14, 3, 4, 14, 19, 14, 4, 29, 3, 29, 14, 3, 14, 3, 14, 4, 14, 19, 3, 3, 3, 3, 19, 14, 14, 3, 14, 29, 14, 14, 3, 3, 3, 14, 3, 14, 3, 3, 14]",549.5807062632899,557.1018898302385,7.521183566948594,1639.109874010086,115.5,120
TR40,5,1000,0.3,12,"[1, 35, 3, 22, 35, 19, 35, 22, 19, 3, 19, 35, 3, 1, 35, 35, 22, 1, 19, 22, 3, 22, 3, 19, 35, 35, 3, 35, 19, 35, 1, 3, 22, 22, 35, 3, 35, 3, 3, 1]",500.7250709904776,531.5857461956646,30.860675205186936,1650.6153637170792,119.5,126
