dataset,p,max_iterations,alpha,tabu_tenure,best_solution,best_cost,avg_cost,std_cost,avg_time,avg_total_iterations,total_iterations_for_best_cost
TR40,5,1000,0.3,10,"[1, 35, 3, 22, 35, 19, 35, 22, 19, 3, 19, 35, 3, 1, 35, 35, 22, 1, 19, 22, 3, 22, 3, 19, 35, 35, 3, 35, 19, 35, 1, 3, 22, 22, 35, 3, 35, 3, 3, 1]",500.72507099047715,533.7882725161134,20.143760860726918,2.0404707908630373,120.4,125
TR40,5,1000,0.3,11,"[33, 31, 3, 4, 31, 19, 31, 4, 19, 3, 19, 31, 3, 31, 33, 31, 4, 33, 19, 33, 33, 33, 3, 19, 31, 31, 3, 31, 19, 31, 31, 33, 33, 33, 31, 3, 31, 3, 3, 33]",524.4065502692267,563.2576785554222,47.552313062944144,1.9167768001556396,114.0,110
TR40,5,1000,0.3,12,"[1, 26, 3, 24, 26, 24, 26, 24, 24, 3, 24, 26, 3, 31, 26, 26, 3, 1, 24, 3, 3, 3, 3, 24, 31, 26, 3, 26, 24, 26, 31, 3, 3, 1, 31, 3, 26, 3, 3, 1]",531.89167041898,539.8597808012911,10.979298157878313,1.9392599582672119,116.0,117
