dataset,p,max_iterations,alpha,tabu_tenure,best_solution,best_cost,avg_cost,std_cost,avg_time,avg_total_iterations,total_iterations_for_best_cost
CAB20,3,500,0.3,5,"[4, 17, 17, 4, 4, 4, 4, 4, 4, 4, 4, 12, 4, 17, 4, 4, 17, 17, 12, 17]",786.1524580126969,854.8495117974885,68.69705378479154,57.58257806301117,59.0,61
CAB20,3,500,0.3,6,"[4, 17, 17, 4, 4, 4, 7, 7, 4, 7, 4, 7, 4, 17, 4, 7, 17, 17, 7, 17]",835.9907040823423,862.5775869867784,26.586882904436152,55.517131328582764,57.5,60
CAB20,3,500,0.3,7,"[20, 20, 20, 20, 20, 20, 7, 7, 20, 7, 7, 12, 7, 20, 20, 7, 20, 20, 12, 20]",871.9232284737726,897.7348970280264,25.811668554253686,56.80875551700592,59.0,61
