dataset,p,max_iterations,alpha,tabu_tenure,best_solution,best_cost,avg_cost,std_cost,avg_time,avg_total_iterations,total_iterations_for_best_cost
CAB25,5,1200,0.3,7,"[21, 17, 17, 21, 6, 6, 21, 21, 6, 21, 21, 12, 21, 14, 21, 21, 17, 17, 12, 6, 21, 12, 12, 14, 17]",658.0217212757043,664.5010775374124,6.479356261708119,388.8357856273651,132.5,131
CAB25,5,1200,0.3,8,"[4, 17, 17, 4, 4, 4, 7, 7, 4, 7, 4, 12, 4, 14, 4, 7, 17, 17, 12, 17, 4, 12, 12, 14, 17]",623.2396456089027,623.2396456089027,0.0,413.92597913742065,138.5,142
CAB25,5,1200,0.3,9,"[4, 17, 17, 4, 4, 4, 7, 7, 4, 7, 4, 12, 4, 14, 4, 7, 17, 17, 12, 17, 4, 12, 12, 14, 17]",623.2396456089027,623.2396456089027,0.0,414.8406779766083,136.0,144
CAB25,5,1200,0.3,10,"[4, 17, 17, 4, 4, 4, 7, 7, 4, 7, 4, 12, 4, 14, 4, 7, 17, 17, 12, 17, 4, 12, 12, 14, 17]",623.2396456089027,623.2396456089027,0.0,439.0334916114807,144.5,148
