dataset,p,max_iterations,alpha,tabu_tenure,best_solution,best_cost,avg_cost,std_cost,avg_time,avg_total_iterations,total_iterations_for_best_cost
CAB25,3,1200,0.3,5,"[4, 17, 17, 4, 4, 4, 4, 4, 4, 4, 4, 12, 4, 17, 4, 4, 17, 17, 12, 17, 4, 12, 12, 4, 17]",835.4212396422531,872.9556957367512,37.53445609449807,0.6395448446273804,139.5,133
CAB25,3,1200,0.3,6,"[4, 17, 17, 4, 4, 4, 4, 4, 4, 4, 4, 12, 4, 17, 4, 4, 17, 17, 12, 17, 4, 12, 12, 4, 17]",835.4212396422531,938.3698723295674,102.94863268731433,0.6257997751235962,133.5,138
CAB25,3,1200,0.3,7,"[4, 17, 17, 4, 4, 4, 4, 4, 4, 4, 4, 12, 4, 17, 4, 4, 17, 17, 12, 17, 4, 12, 12, 4, 17]",835.4212396422531,835.4212396422531,0.0,0.6255578994750977,134.5,123
CAB25,3,1200,0.3,8,"[4, 17, 17, 4, 4, 4, 4, 4, 4, 4, 4, 12, 4, 17, 4, 4, 17, 17, 12, 17, 4, 12, 12, 4, 17]",835.4212396422531,835.4212396422531,0.0,0.62654709815979,136.0,135
