dataset,p,max_iterations,alpha,tabu_tenure,best_solution,best_cost,avg_cost,std_cost,avg_time,avg_total_iterations,total_iterations_for_best_cost
CAB10,5,200,0.3,6,"[1, 6, 3, 4, 6, 6, 7, 7, 6, 7]",371.1562275041492,375.1070926453067,3.950865141157493,2.9878804683685303,24.5,28
CAB10,5,200,0.3,7,"[6, 6, 3, 4, 6, 6, 7, 8, 6, 7]",366.9508320077558,369.05352975595247,2.1026977481966753,3.2120741605758667,26.0,25
CAB10,5,200,0.3,8,"[1, 6, 3, 4, 6, 6, 7, 7, 6, 7]",371.1562275041492,397.25036042738645,26.094132923237282,3.4234845638275146,28.0,25
CAB10,5,200,0.3,9,"[1, 6, 3, 4, 6, 6, 7, 7, 6, 7]",371.1562275041492,371.1562275041492,0.0,2.8452643156051636,23.5,25
CAB10,5,200,0.3,10,"[1, 6, 3, 4, 6, 6, 7, 7, 6, 7]",371.1562275041492,375.1070926453067,3.950865141157493,3.4500274658203125,28.5,23
