dataset,p,max_iterations,alpha,tabu_tenure,best_solution,selected_hub_capacities,best_cost,avg_cost,std_cost,avg_time,avg_total_iterations,total_iterations_for_best_cost
CAB20,5,500,0.3,8,"[4, 17, 17, 4, 4, 4, 7, 7, 4, 7, 4, 12, 4, 14, 4, 7, 17, 17, 12, 17]",4(L2); 17(L2); 7(L1); 12(L1); 14(L1),3512662544.2027597,3821691078.3623915,410804638.2646243,0.6294703006744384,62.6,64
CAB20,5,500,0.3,9,"[4, 17, 17, 4, 4, 4, 7, 7, 4, 7, 4, 12, 4, 14, 4, 7, 17, 17, 12, 17]",4(L2); 17(L2); 7(L1); 12(L1); 14(L1),3512662544.2027597,3766909290.727896,231462495.7621198,0.6237600803375244,62.8,58
CAB20,5,500,0.3,10,"[4, 17, 17, 4, 4, 4, 7, 7, 4, 7, 4, 12, 4, 14, 4, 7, 17, 17, 12, 17]",4(L2); 17(L2); 7(L1); 12(L1); 14(L1),3512662544.2027597,3897357676.141772,213546992.61042428,0.6153669357299805,61.8,66
CAB20,5,500,0.3,11,"[4, 17, 17, 4, 4, 4, 7, 7, 4, 7, 4, 12, 4, 14, 4, 7, 17, 17, 12, 17]",4(L2); 17(L2); 7(L1); 12(L1); 14(L1),3512662544.2027597,3809082068.686612,455563963.773889,0.7346403121948242,68.4,64
