dataset,p,max_iterations,alpha,tabu_tenure,best_solution,selected_hub_capacities,best_cost,avg_cost,std_cost,avg_time,avg_total_iterations,total_iterations_for_best_cost
CAB25,5,800,0.3,8,"[4, 17, 17, 4, 4, 4, 7, 7, 4, 7, 4, 12, 4, 14, 4, 7, 17, 17, 12, 17, 4, 12, 12, 14, 17]",4(L2); 17(L2); 7(L1); 12(L1); 14(L1),5672470312.9379,5883521735.766955,290927735.76417506,1.3964067935943603,94.0,95
CAB25,5,800,0.3,9,"[4, 17, 17, 4, 4, 4, 7, 7, 4, 7, 4, 12, 4, 14, 4, 7, 17, 17, 12, 17, 4, 12, 12, 14, 17]",4(L2); 17(L2); 7(L1); 12(L1); 14(L1),5672470312.9379,5864848518.005388,236909590.4957568,1.3638692378997803,98.0,93
CAB25,5,800,0.3,10,"[4, 17, 17, 4, 4, 4, 7, 7, 4, 7, 4, 12, 4, 14, 4, 7, 17, 17, 12, 17, 4, 12, 12, 14, 17]",4(L2); 17(L2); 7(L1); 12(L1); 14(L1),5672470312.9379,5936331671.306204,351302583.92341393,1.3894537448883058,98.0,97
CAB25,5,800,0.3,11,"[4, 17, 17, 4, 4, 4, 7, 7, 4, 7, 4, 12, 4, 14, 4, 7, 17, 17, 12, 17, 4, 12, 12, 14, 17]",4(L2); 17(L2); 7(L1); 12(L1); 14(L1),5672470312.9379,5954362476.1227,249118287.61336926,1.3302528858184814,93.4,92
