dataset,p,max_iterations,alpha,tabu_tenure,best_solution,selected_hub_capacities,best_cost,avg_cost,std_cost,avg_time,avg_total_iterations,total_iterations_for_best_cost
CAB10,3,200,0.3,4,"[4, 3, 3, 4, 4, 4, 7, 4, 4, 7]",4(L3); 3(L1); 7(L1),811774626.2387798,827958096.660416,11361423.262049388,0.06732029914855957,24.6,22
CAB10,3,200,0.3,5,"[4, 3, 3, 4, 4, 4, 7, 4, 4, 7]",4(L3); 3(L1); 7(L1),811774626.2387798,887318734.2636639,73074248.30118927,0.07420010566711426,26.0,24
CAB10,3,200,0.3,6,"[4, 3, 3, 4, 4, 4, 7, 4, 4, 7]",4(L3); 3(L1); 7(L1),811774626.2387798,866701435.2403519,59048993.554926105,0.06531448364257812,24.2,24
CAB10,3,200,0.3,7,"[4, 3, 3, 4, 4, 4, 7, 4, 4, 7]",4(L3); 3(L1); 7(L1),811774626.2387798,818764180.888572,9439687.634627972,0.06779994964599609,23.8,26
