dataset,p,max_iterations,alpha,tabu_tenure,best_solution,best_cost,avg_cost,std_cost,avg_time,avg_total_iterations,total_iterations_for_best_cost
TR40,3,1000,0.3,7,"[14, 14, 3, 24, 14, 24, 14, 24, 24, 3, 24, 14, 3, 14, 3, 14, 3, 14, 24, 3, 3, 3, 3, 24, 14, 14, 3, 14, 24, 14, 14, 3, 3, 3, 14, 3, 14, 3, 3, 14]",635.4184002070083,674.7155091161378,45.38687939883128,1.2109121322631835,112.4,115
TR40,3,1000,0.3,8,"[14, 14, 3, 24, 14, 24, 14, 24, 24, 3, 24, 14, 3, 14, 3, 14, 3, 14, 24, 3, 3, 3, 3, 24, 14, 14, 3, 14, 24, 14, 14, 3, 3, 3, 14, 3, 14, 3, 3, 14]",635.4184002070083,677.7879217839437,31.112536179718642,1.175665807723999,109.4,117
TR40,3,1000,0.3,9,"[14, 14, 3, 24, 14, 24, 14, 24, 24, 3, 24, 14, 3, 14, 3, 14, 3, 14, 24, 3, 3, 3, 3, 24, 14, 14, 3, 14, 24, 14, 14, 3, 3, 3, 14, 3, 14, 3, 3, 14]",635.4184002070083,687.1683083332216,45.60423989940193,1.1953022003173828,110.8,122
TR40,3,1000,0.3,10,"[14, 14, 3, 24, 14, 24, 14, 24, 24, 3, 24, 14, 3, 14, 3, 14, 3, 14, 24, 3, 3, 3, 3, 24, 14, 14, 3, 14, 24, 14, 14, 3, 3, 3, 14, 3, 14, 3, 3, 14]",635.4184002070083,684.3884142548083,56.4616545133745,1.2019101619720458,111.6,121
